ID,URL,Title,Text,Summary,Topic,Label
0,https://lesakerfrancophone.fr/la-relation-entre-la-technologie-et-la-religion,La relation entre la technologie et la religion,"La relation entre la technologie et la religion. Par Austin Cline − Le 27 fevrier 2019 − Source Learn Religions De nombreux laïcs et non-croyants de toutes sortes ont tendance à considérer la religion et la science comme fondamentalement incompatibles. Cette incompatibilité est également imaginée pour s’étendre à la relation entre la religion et la technologie, puisque la technologie est un produit de la science et que la science ne peut pas aller de l’avant sans la technologie, surtout aujourd’hui. Ainsi, bon nombre d’athées s’émerveillent avec incrédulité du nombre d’ingénieurs qui sont également des créationnistes et du nombre de personnes dans les industries de haute technologie qui affichent de grandes motivations religieuses. Mélanger technologie et religion Pourquoi assistons-nous à un enchantement généralisé pour la technologie et en même temps à une résurgence mondiale du fondamentalisme religieux ?","De nombreux laïcs et non-croyants de toutes sortes ont tendance à considérer la religion and the science comme fondamentalement incompatibles. Cette incompatibilité est également imaginée pour s’étendre. La technologie est un produit de the science, puisque la science ne peut pas aller.",Science & technologie,Science & technologie
1,https://www.breizh-info.com/2021/01/27/157958/confinement-les-habitants-de-brest-morlaix-et-carhaix-invites-a-repondre-a-une-etude-sur-leur-consommation-dalcool/,"Confinement. Les habitants de Brest, Morlaix et Carhaix invités à répondre à une étude sur leur consommation d’alcool","Confinement. Les habitants de Brest, Morlaix et Carhaix invités à répondre à une étude sur leur consommation d’alcool. Dans le cadre du Dry January, opération commerciale américaine (mais aussi sanitaire) placée sous le signe du sans alcool pendant un mois, le CHRU de Brest, en lien avec la ville de Brest dans le cadre du Plan Alcool, Brest métropole, l’association Addictions France et l’Université citoyenne de prévention en santé de Bretagne Occidentale, lance un questionnaire auprès des habitants de Brest, Morlaix et Carhaix. Le but ? Etudier la consommation d’alcool durant le confinement pour voir l’impact de celui ci dans les foyers.","Dry January est un opération commerciale américaine placée sous le signe du sans alcool pendant un mois. Les habitants de Brest, Morlaix and Carhaix invités à répondre à une étude.",Santé publique & médecine,Santé publique & médecine 
4,https://lesakerfrancophone.fr/selon-ubs-les-proprietes-dassurance-tant-de-fois-eprouvees-brillent-plus-que-jamais,"Selon UBS, les « propriétés d’assurance tant de fois éprouvées » de l’or brillent plus que jamais","Selon UBS, les « propriétés d’assurance tant de fois éprouvées » de l’or brillent plus que jamais. Par Birch Gold Group − Le 17 février 2022 − Source birchgold.com UBS : l’or accorde la solidité, et des « propriétés d’assurance tant de fois éprouvées » aux investisseurs Il y a peu, Elliot Smith, de CNBC, a exploré la résilience du prix de l’or au cours des dernières semaines de volatilité sur le marché des actions et les hausses des taux du Trésor. En règle générale, les niveaux de prix de l’or sont fortement affectés par deux forces — les taux des obligations, et le dollar index. Il y a peu, les taux de Trésor sur une durée de 10 ans ainsi que le dollar index ont monté par rapport à leur position restée basse des mois durant. Si l’on s’en fie à l’historique, une montée des taux pratiqués par le Trésor présente un impact négatif sur le prix de l’or.","UBS: Les propriétés d’assurance tant de fois éprouvées de l’or brillent plus que jamais. Elliot Smith, de CNBC, a exploré la résilience du prix de l'or.",Économie & finance,Économie & finance 
6,https://www.profession-gendarme.com/essonne-les-voleurs-tombent-sur-des-membres-du-gign-qui-sortaient-de-leur-entrainement/,Essonne : Les voleurs tombent sur des membres du GIGN qui sortaient de leur entraînement – Profession Gendarme,"Essonne : Les voleurs tombent sur des membres du GIGN qui sortaient de leur entraînement – Profession Gendarme. Vue(s) : 938 Illustration. (Frederic Legrand – COMEO / Shutterstock) Pas de chance pour cette équipe de voleurs chevronnés. Quatre hommes ont été interpellés à Guillerval (Essonne) par les gendarmes d’élite du Groupe d’intervention de la gendarmerie nationale (GIGN) qui revenaient d’un entraînement, mardi vers minuit et demi. Des individus au comportement suspect Les militaires, qui circulaient en voiture banalisée, ont repéré un véhicule suspect avec plusieurs individus à son bord.","Quatre hommes interpellés à Guillerval (Essonne) par les gendarmes d’élite. Les militaires, qui circulaient en voiture banalisée, ont repéré un véhicule suspect.",Sécurité & criminalité,Sécurité & criminalité
7,https://www.dreuz.info/2021/10/la-misere-energetique-pour-punir-les-consommateurs-253129.html,"La misère énergétique, pour punir les consommateurs","La misère énergétique, pour punir les consommateurs. Qui en France oserait tenir un tel discours ? Qui oserait s’en prendre à la doxa écologiste ressassée jusqu’à plus soif par les politiques, les dirigeants d’entreprises et les publicitaires ? On se souvient que le célèbre gauchiste américain Michael Moore [1] s’en était pris au lobby de l’électricité verte dans son documentaire «Planet of the Humans» véritable bombe anti-énergies renouvelables. Aujourd’hui un éditorialiste conservateur anglais n’hésite pas à le faire en s’en prenant, non pas à Greta Thunberg, mais au Premier ministre britannique qu’il a pourtant soutenu.",On se souvient that le célèbre gauchiste américain Michael Moore s’en était pris au lobby de l’électricité verte. Aujourd’hui un éditorialiste conservateur anglais n'thésite pas à le faire en s'en prenant.,Environnement & climat,Environnement & climat
8,https://www.dreuz.info/2019/04/israel-bombarde-des-cibles-iraniennes-et-du-hezbollah-en-syrie-188960.html,Israël bombarde des cibles iraniennes et du Hezbollah en Syrie,"Israël bombarde des cibles iraniennes et du Hezbollah en Syrie. L’armée de l’air israélienne aurait frappé des cibles militaires iraniennes près de Masyaf, dans la province de Hama en Syrie, selon la télévision d’Etat. Selon de nombreux reportages des médias, plusieurs explosions ont été entendues dans toute la ville syrienne de Masyaf. L’armée syrienne a annoncé que le pays a été bombardé par plusieurs missiles israéliens, dont certains ont été interceptés avec succès par les moyens de défense aérienne ; d’autres ont atteint plusieurs bâtiments, y compris un poste militaire dans la ville, qui se situe à proximité d’un hôpital afin de se servir des malades comme bouclier humain. Au moins trois soldats ont été blessés lors de l’attaque dans la région nord-ouest du pays et ont été transférés dans un hôpital pour y être soignés.","L’armée de l’air israélienne aurait frappé des cibles militaires iraniennes près de Masyaf, dans la province de Hama en Syrie, selon la télévision d’Etat. Au moins trois soldats ont été blessés lors of l'attaque.",Sécurité & criminalité,Politique
9,https://www.lelibrepenseur.org/point-de-situation-au-06-12-21-au-centre-hospitalier-de-haguenau-sur-8-patients-en-reanimation-7-sont-vaccines/,"Point de situation au 06/12/21 au Centre hospitalier de Haguenau : sur 8 patients en réanimation, 7 sont vaccinés !","Point de situation au 06/12/21 au Centre hospitalier de Haguenau : sur 8 patients en réanimation, 7 sont vaccinés !. Voici un document officiel du Centre hospitalier de Haguenau qui démontre qu’au 6 décembre 2021, ils avaient 8 patients en réanimations dont 7 sont vaccinés ; ça nous donne le chiffre de 87 % de vaccinés contre 13 % de non vaccinés ! Voici donc la réalité de la vie qui est à l’opposé de la propagande médiatique des voyous responsables de la gestion de cette crise qui n’a rien de sanitaire. On peut d’ailleurs multiplier les exemples notamment à l’étranger ou la grande majorité des malades en réanimation sont effectivement vaccinés étant donnée le taux important de vaccination. La question est de savoir s’il y en a autant aujourd’hui que l’année dernière, lorsque personne n’était vacciné.","Aujourd’hui, lorsque personne n’était vacciné. On peut multiplier les exemples notamment à l’étranger ou la grande majorité des malades en réanimation.",Santé publique & médecine,Santé publique & médecine 
10,https://lalettrepatriote.com/un-couple-loge-une-famille-de-migrants-36-000-e-de-degats/,Un couple loge une famille de migrants : 36.000 € de dégâts,"Un couple loge une famille de migrants : 36.000 € de dégâts. Nos confrères de 7sur7 (Belgique) ont recueilli ce témoignage : « Nous avons rapidement remarqué qu’il ne s’agissait pas d’une famille ukrainienne ordinaire. Deux semaines plus tard, le CPAS nous a indiqué qu’il s’agissait de gitans roms. Par exemple, les membres de cette famille ne savaient pas comment utiliser une machine à laver, un sèche-linge, un four… Tous ces appareils leur étaient inconnus. La mère lavait les vêtements dans notre baignoire.",Un couple loge une famille de migrants : 36.000 € de dégâts. Nous avons remarqué qu’il ne s’agissait pas d’une famille ukrainienne ordinaire.,Société & culture,Société & culture
11,https://www.bvoltaire.fr/la-grece-ne-veut-plus-etre-le-mouton-noir-de-leurope/,La Grèce ne veut plus être le mouton noir de l’Europe,"La Grèce ne veut plus être le mouton noir de l’Europe. Souvenez-vous : la Grèce devait être brûlée sur le bûcher de l'Euroland, comme le fut jadis Iphigénie en Tauride, immolée par son père Agamemnon pour plaire à la déesse Artémis. L'infâme Lysandre européenne, ou plutôt... l'intraitable Merkel avait exigé « du sang et des larmes » en déclarant sans ambages, en 2013, qu’il faudrait que cela fasse mal, très mal (« Es muss weh tun ! ») pour que la Grèce puisse prétendre à l’aide européenne.",La Grèce ne veut plus être le mouton noir de l’Europe. L'intraitable Merkel avait exigé « du sang and des larmes » en déclarant sans ambages.,Société & culture,Politique
14,https://lalettrepatriote.com/emmanuel-macron-et-giorgia-meloni-appellent-a-soutenir-la-tunisie-pour-contenir-la-pression-migratoire/,Emmanuel Macron et Giorgia Meloni appellent à soutenir la Tunisie pour contenir la pression migratoire,"Emmanuel Macron et Giorgia Meloni appellent à soutenir la Tunisie pour contenir la pression migratoire. BRUSSELS, BELGIUM - FEBRUARY 09: Italian Prime Minister Giorgia Meloni, President of the European Parliament (EP) Roberta Metsola and French President Emmanuel Macron pose for a photo before the EU Leaders' summit in Brussels, Belgium on February 09, 2023. Dursun Aydemir / Anadolu Agency (Photo by Dursun Aydemir / ANADOLU AGENCY / Anadolu Agency via AFP) Le président Emmanuel Macron et le premier ministre italien Giorgia Meloni ont appelé vendredi 24 mars à soutenir la Tunisie, confrontée à une grave crise financière, afin de contenir la pression migratoire. «Il existe un risque de voir se déclencher une vague migratoire objectivement sans précédent», a estimé Giorgia Meloni, «En Tunisie, la très grande tension politique, la crise économique et sociale qui sévit en absence d’accord avec le Fonds monétaire international, (sont) très préoccupantes», a déclaré Emmanuel Macron au cours d’une conférence de presse à l’issue d’un sommet européen. Cela «conduit à une très grande déstabilisation du pays et de la région et à une pression migratoire accrue sur l’Italie et l’Union européenne», a-t-il dit, appelant à «agir ensemble» au niveau européen pour aider la Tunisie et permettre une «maîtrise de l’émigration».","Emmanuel Macron and Giorgia Meloni appellent à soutenir la Tunisie pour contenir the pression migratoire. En Tunisie, la très grande tension politique, la crise économique et sociale sévit en absence d’accord avec le Fonds monétaire international. 'Il existe un risque of voir se déclencher une vague migratoires objectivement sans précédent,' says Meloni.",Politique,Politique
15,https://www.bvoltaire.fr/audiovisuel-public-la-grande-entourloupe-la-redevance-part-la-depense-reste/,"Audiovisuel public, la grande entourloupe : la redevance part, la dépense reste !","Audiovisuel public, la grande entourloupe : la redevance part, la dépense reste !. Alléluia ! Sonnez fanfares triomphales,/Tonnez canons, battez tambours !/Et vous, cloches des cathédrales,/Ébranlez-vous comme aux grands jours ! Emmanuel Macron tient sa première promesse de campagne, et même avec un an d’avance : la redevance télé, instaurée en 1933 pour la radio avant d’être étendue à la télévision en 1949, sera supprimée à compter de 2022. C’est ce que nous apprend le compte rendu du Conseil des ministres de mercredi dernier.","Emmanuel Macron tient sa première promesse de campagne, et même avec un an d’avance. La redevance télé, instaurée en 1933 pour the radio, sera supprimée à compter de 2022.",Politique,Politique
16,https://www.polemia.com/guerre-en-ukraine-lombre-de-staline/,Guerre en Ukraine. L’ombre de Staline,"Guerre en Ukraine. L’ombre de Staline. Par Eric Delcroix, juriste, essayiste et écrivain, auteur de Droit, conscience et sentiments ♦ La guerre russo-ukrainienne, c’est le point Godwin à tout va : la lutte entre le « nouvel Hitler » (Poutine) et les « nazis ukrainiens » d’Azov , héritiers de Stepan Bandera. Une guerre des propagandes aussi ridicule que peu explicative. Pour Eric Delcroix, c’est le souvenir du stalinisme et des morts de la grande famine (Holodomor) qui explique la résistance ukrainienne.","La guerre russo-ukrainienne, c’est le point Godwin à tout va. La lutte entre le ‘ nouvel Hitler’ (Poutine) and les ‘nazis ukrainiens » d’Azov.",Société & culture,Politique
17,https://www.profession-gendarme.com/vaccin-anti-covid-la-descente-aux-enfers-deloise/,Vaccin anti-Covid : la descente aux enfers d’Éloïse – Profession Gendarme,"Vaccin anti-Covid : la descente aux enfers d’Éloïse – Profession Gendarme. Vue(s) : 3 880 Publié le 16/05/2022 à 18h45 • Mis à jour le 17/05/2022 à 08h45 Écrit par Élie Saïkali Cette jeune maman seine-et-marnaise de 32 ans enchaîne les pathologies, les pertes de mémoires et les malaises qu’elle impute à sa deuxième dose de vaccin Pfizer. Avec son avocat, elle assignera prochainement la société américaine en justice dans le but d’obtenir réparation. Elle vit aujourd’hui un enfer. Le 12 juillet 2021, cette jeune maman seine-et-marnaise – greffière à la cour d’appel de Paris – va faire sa seconde dose de vaccin contre la Covid-19.",Vaccin anti-Covid : la descente aux enfers d’Éloïse – Profession Gendarme. Elle vit aujourd’hui un enfer.,Santé publique & médecine,Santé publique & médecine 
18,https://ripostelaique.com/un-president-en-panne-didees-peut-il-encore-diriger-le-pays.html,Un président en panne d’idées peut-il encore diriger le pays ? – Riposte Laique,"Un président en panne d’idées peut-il encore diriger le pays ? – Riposte Laique. Vues : 37 L’information est énorme, incroyable tout autant qu’inquiétante. Elle est pourtant passée quasi inaperçue. Aucun débat, pas le moindre commentaire dans la presse… Et pourtant elle est capitale.","Riposte Laique: L’information est énorme, incroyable tout autant qu’inquiétante. Elle est pourtant passée quasi inaperçue. Aucun débat, pas le moindre commentaire dans la presse… Et pourtants elle est capitale.",Politique,Politique
19,https://www.polemia.com/libye-tribus-et-barbus-le-bobardement-en-attendant-lenlisement/,"Libye, tribus et barbus : le « bobardement »… en attendant l’enlisement","Libye, tribus et barbus : le « bobardement »… en attendant l’enlisement. De nombreux blessés et sans doute des morts le 19 avril dans le sud-est de la Turquie (à majorité kurde) où les forces de police ont réprimé avec leur brutalité habituelle des émeutes déclenchées par la décision de la Haute Commission électorale d’annuler les candidatures de douze indépendants, dont sept bénéficiaient du soutien du Parti kurde pour la paix et la démocratie. Paris — où une manifestation antiturque a aussitôt bloqué le 20 avril toute circulation sur les Grands Boulevards — doit-il intervenir et exiger la déchéance du premier ministre Erdogan ? Des morts et des blessés aussi le 18 avril à Jaïtapur, dans l’ouest de l’Inde, où la police a tiré sur des opposants à un important projet nucléaire du géant français Areva dans l’Etat du Maharashtra. Paris doit-il intervenir exiger la mise en accusation du gouvernement de la « plus grande démocratie du monde » ?",De nombreux blessés et sans doute des morts le 19 avril dans le sud-est de la Turquie. Paris doit-il intervenir exiger la mise en accusation du gouvernement de la 'plus grande démocratie',Politique,Politique
20,https://lesobservateurs.ch/2022/07/31/soyez-vous-meme-une-fallaci/,Soyez vous-même une Fallaci !,"Soyez vous-même une Fallaci !. Nous essayons toujours de transmettre la réalité de toutes nos forces Soyez aussi Fallaci!- par László Zöldi Szentesi 27.07.2022 Le premier article de notre nouvelle série est consacré à une question importante. Une question dont j'ai fait l'expérience personnelle, mais que je n'ai jamais partagée avec d'autres jusqu'à présent. Alors : que suggérerais-je aux jeunes journalistes ? Cela fait plusieurs jours que je lis des articles sur Oriana Fallaci, notamment l'excellent livre de Krisztina Wéber sur elle, mais aussi les écrits de la journaliste italienne elle-même, décédée en 2006.",Soyez vous-même une Fallaci !. Nous essayons toujours de transmettre la réalité de toutes nos forces Soyez aussi Fallaci!- par László Zöldi Szentesi.,Société & culture,Politique
21,https://www.bvoltaire.fr/vaccin-anti-covid-que-penser-des-troubles-menstruels/,Vaccin anti-Covid : que penser des troubles menstruels ?,"Vaccin anti-Covid : que penser des troubles menstruels ?. Depuis quelques années, particulièrement depuis l'épidémie de grippe de 2009, un nombre croissant de Français est méfiant vis-à-vis des vaccins. Le dernier en date, celui destiné à lutter contre le virus du Covid, parce qu'il fait appel à une technique nouvelle (celle de l'ARN messager), a suscité de nombreuses inquiétudes et fut accusé par certains de tous les maux. Les effets secondaires à long terme ne pourront être envisagés que dans dix ou quinze ans, mais on a déjà une vision assez fiable des effets secondaires à court terme, grâce aux études entreprises par les agences de santé française ou européenne. Une étude menée conjointement par l'Agence nationale de sécurité du médicament et des produits de santé (ANSM) et la Caisse nationale d'assurance maladie, regroupées sous l'identité EPI-PHARE, avait déjà permis d’étudier le risque de myocardite (inflammation du muscle cardiaque) et de péricardite (inflammation de la membrane qui entoure le cœur) avec les vaccins à ARN messager chez des sujets de 12 à 50 ans en France.","Un nombre croissant de Français est méfiant vis-à-vis des vaccins. Le dernier en date, celui destiné à lutter contre le virus du Covid, fait appel à une technique nouvelle (celle de l'ARN messager)",Santé publique & médecine,Santé publique & médecine 
22,https://www.francesoir.fr/culture-cinema/tully-charlize-theron-super-maman-critique,"""Tully"": Charlize Theron super-maman (critique)","Tully': Charlize Theron super-maman (critique). CRITIQUE – Dans le film 'Tully' qui sort ce mercredi, Charlize Theron joue les mères de famille nombreuse épuisée, découragée, déprimée, qui revit grâce à l'aide que vient lui apporter une jeune nounou engagée pour s'occuper de son nouveau-né la nuit. SORTIE CINÉ – Loin des blondes sexy et des femmes d'action qu'elle incarne souvent, Charlize Theron sait prendre des risques, abandonner le maquillage, lester son corps de kilos superflus et jouer les mères de famille déprimées plutôt que les super-héroïnes. C'est le cas dans Tully, qui sort ce mercredi 27 juin sur les écrans français. Elle y incarne Marlo, 40 ans, qui accouche de son troisième enfant.","Tully' sort ce mercredi 27 juin sur les écrans français. Elle y incarne Marlo, 40, qui accouche de son troisième enfant. Charlize Theron sait prendre des risques.",Sécurité & criminalité,Société & culture
23,https://www.francesoir.fr/politique-france/le-comite-scientifique-se-detache-t-il-du-gouvernement-les-derniers-messages-le,Le comité scientifique se détache-t-il du gouvernement ? Les derniers messages le laissent penser,"Le comité scientifique se détache-t-il du gouvernement ? Les derniers messages le laissent penser. ANALYSE : Le 9 septembre le président du Conseil scientifique Jean-François Delfraissy déclarait : « Face au rebond de l'épidémie, le gouvernement sera obligé de prendre des décisions difficiles ». Ceci lui valait hier un recadrage d'Emmanuel Macron : 'Chacun doit rester à sa place, c'est aux dirigeants démocratiquement élus de prendre des décisions'. Quelle interprétation ?","Le président du Conseil scientifique Jean-François Delfraissy déclarait : 'Face au rebond de l'épidémie, le gouvernement sera obligé'",Politique,Politique
24,https://www.francesoir.fr/videos-le-defi-de-la-verite/ne-peut-plus-accepter-ces-mensonges-detat-christian-perronne,"""On ne peut plus accepter ces mensonges d'État"" Christian Perronne","On ne peut plus accepter ces mensonges d'État' Christian Perronne. À l'occasion de la sortie du livre de Robert Kennedy Jr, le professeur Perronne, multipliant les déclarations explosives, revient pour dénoncer les actes de collusion et de corruptions qui minent nos systèmes de santé. Ancien chef du service des maladies infectieuses de l’hôpital de Garches, il est l’un des meilleurs spécialistes des maladies infectieuses et tropicales. Dans le cadre d'un défi de la vérité, il est venu présenter le livre de Robert Kennedy Jr : 'Antony Fauci, Bill Gates et Big Pharma: leur guerre mondiale contre la démocratie et la santé publique', dont il a préfacé la version française. Le livre, publié aux éditions Marco Pietteur, sortira le 14 février prochain.","On ne peut plus accepter ces mensonges d'État' Christian Perronne. 'Antony Fauci, Bill Gates and Big Pharma: leur guerre mondiale contre la démocratie and la santé publique'",Politique,Politique
26,https://lesalonbeige.fr/le-sinn-fein-en-tete-en-irlande-du-nord/,Le Sinn Fein en tête en Irlande du Nord,"Le Sinn Fein en tête en Irlande du Nord. D’Olivier Bault dans Présent : […] On aurait toutefois tort de croire que la victoire du Sinn Féin serait le prélude à un référendum sur la réunification avec la république d’Irlande. Si le Sinn Féin est arrivé premier, c’est d’abord à cause de la division du vote unioniste. Sa majorité n’est que relative, avec 27 sièges seulement sur 90. Le DUP, parti unioniste conservateur et pro-vie, qui dominait jusqu’ici, est arrivé deuxième avec 25 sièges.","Sinn Fein en tête en Irlande du Nord. Le DUP, parti unioniste conservateur et pro-vie, est arrivé deuxième. Sa majorité n’est que relative, avec 27 sièges seulement sur 90.",Politique,Politique
28,https://www.profession-gendarme.com/reflexions-dun-professeur-de-lettres-soumise-a-un-devoir-dinformation-de-ses-eleves-sur-le-vax-covid-entre-mythe-et-realite/,"Réflexions d’un professeur de lettres soumise à un devoir d’information de ses élèves sur le vax covid, entre mythe et réalité – Profession Gendarme","Réflexions d’un professeur de lettres soumise à un devoir d’information de ses élèves sur le vax covid, entre mythe et réalité – Profession Gendarme. Vue(s) : 2 649 11/04/2022 (2022-04-11) Par Sarah Bertran Je fais partie de ce qu’on appelle une Institution, un organe de l’État salué comme étant l’école de la République, un lieu de vie et d’éducation présenté comme un bastion de l’éducation populaire avec une Charte de la laïcité en bonne et due forme et une devise que je me dois de ne pas ternir en tant que fonctionnaire de l’État. Et pourtant, combien de fois me suis-je demandé, avec cette boule amère au creux des côtes, surtout depuis la rentrée de septembre 2021, pourquoi je marchais à côté de zombies chargés de former d’autres golems en devenir. Souvent, ma besogne dans ce collège me faisait traverser des couloirs où je croisais sans cesse des adolescents entre 11 et 15 ans en moyenne, au regard terrifié d’attraper un virus mortifère pour lequel on ne leur donnerait pas de traitement efficace et même pire, auxquels on administrerait le sacro-saint Doliprane. J’arpente le hall d’entrée de mon collège sans masque et à moi, le surveillant ne me dit rien.","Réflexions d’un professeur de lettres soumise à un devoir d‘information de ses élèves sur le vax covid, entre mythe and réalité.",Société & culture,Société & culture
31,https://lalettrepatriote.com/ursula-von-der-leyen-menace-les-italiens-a-la-veille-des-elections/,La Lettre Patriote,"La Lettre Patriote. Didier Dewitte Les Vallaud, ce poison de la république Il y a parfois des familles qui semblent avoir fait carrière dans l’entrave. Les Vallaud en sont l’incarnation parfaite. Maria Dubovikova Le Déluge d’Al-Aqsa et l’Ascension du Grand Israël – Une Catastrophe Humanitaire et un Nouvel Ordre Régional Didier Dewitte Il est minuit moins une pour la France Hugo Rouet Nicolas Sarkozy en prison : les juges punissent la France Julien Michel Ce qui s’est passé au Louvre, c’est ce que subit la France depuis quarante-cinq ans Robin de La Roche La France des honnêtes gens est au bord de la rupture Robin de La Roche Le “20 Heures” de Léa Salamé coule… et personne ne jette de bouée","Les Vallaud en sont l’incarnation parfaite. La Lettre Patriote. Didier Dewitte Les Vallaud, ce poison de la république.",Société & culture,Société & culture
32,https://www.dreuz.info/2022/02/grand-remplacement-francais-de-papier-pecresse-manque-didees-et-pioche-dans-les-idees-de-lextreme-droite-259484.html,"« Grand remplacement », « Français de papier »… Pécresse manque d'idées et pioche dans les idées de ""l’extrême droite""","« Grand remplacement », « Français de papier »… Pécresse manque d'idées et pioche dans les idées de 'l’extrême droite'. Source : Nouvelobs En convoquant Renaud Camus, Maurras ou Péguy pour dépeindre la « nouvelle France » qu’elle veut voir éclore, Valérie Pécresse a surtout exhumé de grandes constantes du discours nationaliste, pour compenser la carence totale d’idées personnelles, et l’impossibilité de distinguer son programme de celui du président Macron, lors de son premier meeting de campagne au Zénith. Devenez « lecteur premium », pour avoir accès à une navigation sans publicité, et nous soutenir financièrement pour continuer de défendre vos idées ! En tant que lecteur premium, vous pouvez également participer à la discussion et publier des commentaires. Montant libre « Vous verrez, ce premier grand meeting de campagne sera un cri d’amour de Valérie Pécresse pour le pays », nous avait promis un proche de la candidate, il y a quelques jours.","Pécresse exhumé de grandes constantes du discours nationaliste, pour compenser la carence totale d’idées personnelles. En convoquant Renaud Camus, Maurras ou Péguy pour dépeindre la 'nouvelle France'",Société & culture,Politique
33,https://lesdeqodeurs.fr/six-usines-britanniques-sur-dix-risquent-de-faire-faillite-en-raison-de-la-flambee-des-factures/,Six usines britanniques sur dix risquent de faire faillite en raison de la flambée des factures,"Six usines britanniques sur dix risquent de faire faillite en raison de la flambée des factures. Article original datant du 03/09/22 par Bloomberg Six in 10 British Factories at Risk of Going Under as Bills Soar NDLR : Cet article est une traduction de Bloomberg, un média mainstream qui pousse le narratif du pass climatique. Nous l'avons traduit pour montrer que d'autres états accordent aussi leurs violons pour participer au même orchestre symphonique des perroquets inconscients. La flambée des factures d’énergie menace de mettre six fabricants britanniques sur dix en faillite, selon une enquête qui met à nu l’ampleur de la crise à laquelle est confronté le prochain premier ministre. MakeUK, le groupe de lobbying des usines britanniques, a déclaré que près de la moitié des fabricants ont connu une hausse de plus de 100 % de leurs factures d’électricité au cours de l’année écoulée.",Six usines britanniques sur dix risquent de faire faillite en raison of la flambée des factures. Six in 10 British Factories at Risk of Going Under as Bills Soar.,Environnement & climat,Environnement & climat
34,https://lesdeqodeurs.fr/louverture-des-sceaux-de-lapocalypse/,L’ouverture des sceaux de l’Apocalypse,"L’ouverture des sceaux de l’Apocalypse. Introduction nécessaire Tout d’abord, une introduction importante. Depuis Moïse, il y a 2 différents enseignements. Ces extraits proviennent de manuscrits accessibles mais tenus discrets par le Vatican et d’autres institutions. Les manuscrits de la mer morte confirment l’approche abordé ci-dessous.","L’ouverture des sceaux de l’Apocalypse. L’approche abordé ci-dessous. Depuis Moïse, il y a 2 différents enseignements.",Société & culture,Société & culture
35,https://www.francesoir.fr/actualites-france/retraites-la-cfdt-cheminots-appelle-la-greve-reconductible-faute-dengagements-du,"Retraites: la CFDT-Cheminots appelle à la grève reconductible, faute d'engagements du gouvernement","Retraites: la CFDT-Cheminots appelle à la grève reconductible, faute d'engagements du gouvernement. La CFDT-Cheminots, qui avait déposé un préavis de grève pour obtenir 'des engagements clairs' du gouvernement, a appelé lundi 'tous les cheminots à se mettre en grève reconductible' jeudi, faute d'avoir obtenu des réponses de l'exécutif, a-t-elle annoncé lundi. Le syndicat appelle dans un tract les salariés de la SNCF à 'montrer au gouvernement leur détermination à défendre les spécificités de (leurs) métiers'. 'L'appel urgent à la négociation lancé par la CFDT-Cheminots au travers de son préavis (annoncé le 21 novembre, déposé le 27 novembre, ndlr) n'a pas été saisi par le gouvernement. Celui-ci a refusé de clarifier sa position et de répondre aux légitimes attentes des cheminots.","La CFDT-Cheminots appelle à la grève reconductible, faute d'engagements du gouvernement. Le syndicat appelle dans un tract les salariés de the SNCF.",Politique,Politique
36,https://lesalonbeige.fr/le-programme-dun-nouvel-ordre-mondial-presuppose-une-economisation-totale-de-lhomme/,Le programme d’un nouvel ordre mondial présuppose une économisation totale de l’homme,"Le programme d’un nouvel ordre mondial présuppose une économisation totale de l’homme. Extraits d’un entretien donné par le cardinal Müller, préfet émérite de la Congrégation pour la doctrine de la foi : Depuis quelques décennies, l’exigence selon laquelle l’ordre mondial existant doit être remplacé par un ordre qui ne connaît plus le recours à Dieu, mais seulement celui au progrès inconditionnel, hante à nouveau le discours politique. La revendication de cet ordre mondial, appelé “Nouvel ordre mondial”, se fait presque en marge du discours politique, public. Que devons-nous comprendre par “Nouvel ordre mondial” ? Aussi bien selon la confession de foi juive que chrétienne, c’est Dieu lui-même qui, dans sa souveraine bonté, a créé le monde à partir du néant et l’a ordonné dans sa parole (logos, raison) et son esprit (force, sagesse) éternels.","Le programme d’un nouvel ordre mondial présuppose une économisation totale de l’homme. Aussi bien selon la confession de foi juive que chrétienne, c’est Dieu lui-même.",Société & culture,Société & culture
37,https://www.polemia.com/ukraine-qui-ment-et-pourquoi/,"Ukraine : qui ment, et pourquoi ?","Ukraine : qui ment, et pourquoi ?. Par Camille Galic, journaliste et essayiste ♦ Qualifiée de « propagandiste de Poutine » par The Times, flétrie dans Le Point pour son « consentement au pire », Amnesty International file un mauvais coton politique. Une première pour cette organisation portée aux nues depuis sa création en 1961 par l’avocat britannique Peter Solomon dit Benenson et dont les premières cibles furent le Portugal du président Salazar et l’Algérie Française. Son crime ? Avoir, dans un rapport publié le 4 août, mis en cause les méthodes de la présidence et du commandement ukrainiens, par définition intouchables alors qu’ils sont loin d’être exemplaires.",Amnesty International file un mauvais coton politique. Avoir mis en cause les méthodes de la présidence et du commandement ukrainiens.,Politique,Politique
38,https://www.profession-gendarme.com/ukraine-la-defense-territoriale-entre-en-scene/,entre en scène – Profession Gendarme,"entre en scène – Profession Gendarme. Vue(s) : 2 635 Il est parfois nécessaire de relever certaines informations discrètes comme celle-ci : “Le parlement ukrainien adopte une loi autorisant la défense territoriale à effectuer des missions dans les zones d’opérations de combat” (1). Mine de rien, c’est une information clé qui s’insère dans un tableau plus général caractérisé par un front de l’Est qui semble à l’arrêt mais quand les annonces militaires se limitent à se plaindre de l’artillerie russe (leur point fort), c’est mauvais signe. La défense territoriale, ce sont des troupes qui ne sont pas entraînées au combat et qui n’en ont ni la forme physique (âge, notamment) ni l’armement. Ce sont des “réservistes de réservistes”, des troupes de basse police.","“Le parlement ukrainien adopte une loi autorisant la défense territoriale à effectuer des missions dans les zones d’opérations de combat” (1) “C’est une information clé qui s’insère dans un tableau plus général caractérisé par un front de l’Est’ (2) ‘Ce sont des “réservistes de réserviste’, des troupes de basse",Sécurité & criminalité,Sécurité & criminalité
39,https://lalettrepatriote.com/deja-marie-en-algerie-il-epouse-une-francaise/,"Déjà marié en Algérie, il épouse une Française…","Déjà marié en Algérie, il épouse une Française…. Nos confrères de La Manche Libre racontent qu’un homme de 45 ans de nationalité algérienne a épousé à Cherbourg une Française alors qu’il était déjà marié en Algérie ! Il a été jugé par le tribunal judiciaire de Cherbourg le mardi 7 février. Pour son mariage en France, il a fourni de faux renseignements sur sa situation. Sa véritable épouse – algérienne- , avec laquelle il a deux enfants (!), a transmis aux autorités un courrier précisant la situation.","Un homme de 45 ans de nationalité algérienne a épousé à Cherbourg une Française. Il a été jugé par le tribunal judiciaire de Cherbourg le mardi 7 février. Pour son mariage en France, il a fourni de faux renseignements sur sa situation.",Sécurité & criminalité,Société & culture
41,https://www.lelibrepenseur.org/fin-du-conflit-a-laeroport-felix-eboue-pas-de-pass-sanitaire-exige-pour-les-salaries/,Fin du conflit à l’aéroport Félix-Eboué : pas de pass sanitaire exigé pour les salariés !,"Fin du conflit à l’aéroport Félix-Eboué : pas de pass sanitaire exigé pour les salariés !. Carine Sinaï-Bossou, la présidente de la CCIG, Chambre de Commerce et d’Industrie de Guyane, autorité de gestion de l’aéroport Félix-Eboué, et l’intersyndicale UTG CDTG UNSA ont signé hier en fin d’après-midi un protocole de fin de grève. Dans ce document, l’autorité de gestion de l’aéroport de Matoury certifie que l’obligation vaccinale n’est pas demandée aux personnes travaillant sur la plateforme aéroportuaire. Ni la justification d’un pass sanitaire. C’était la principale revendication des grévistes.",L’obligation vaccinale n’est pas demandée aux personnes travaillant sur la plateforme aéroportuaire. Ni la justification d’un pass sanitaire. C’était la principale revendication des grévistes.,Politique,Politique
42,https://www.profession-gendarme.com/un-medecin-de-larmee-americaine-revele-que-les-medecins-ont-recu-lordre-de-ne-pas-signaler-les-effets-indesirables-lies-aux-vaccins-anti-covid/,Un médecin de l’armée américaine révèle que les médecins ont reçu l’ordre de ne pas signaler les effets indésirables liés aux « vaccins » anti-Covid – Profession Gendarme,"Un médecin de l’armée américaine révèle que les médecins ont reçu l’ordre de ne pas signaler les effets indésirables liés aux « vaccins » anti-Covid – Profession Gendarme. Vue(s) : 3 219 Un lieutenant-colonel et médecin militaire de l’armée américaine a décrit comment on a dit à des médecins de l’armée de ne pas enregistrer de dossiers sur les effets indésirables du vaccin contre le COVID dans les bases de données officielles. « Soit ils détournent le regard, soit ils disent simplement : « Eh bien, je ne peux pas faire ça. Cela n’existe pas », a déclaré le Dr Peter Chambers, lieutenant-colonel de l’armée américaine, béret vert des forces spéciales et médecin militaire. Chambers a fait ces commentaires dans le cadre de la neuvième conférence en ligne de la Truth For Health Foundation, qui traitait le sujet des effets secondaires des injection de « vaccin » anti-COVID.",Médecin de l’armée américaine révèle que les médecins ont reçu l'ordre de ne pas signaler les effets indésirables liés aux ‘vaccins » anti-Covid. Dr Peter Chambers a fait ces commentaires dans le cadre de la neuvième conférence en ligne de la Truth For Health Foundation.,Sécurité & criminalité,Santé publique & médecine 
43,https://ripostelaique.com/les-faux-culs-par-ailleurs-va-t-en-guerre-ca-suffit.html,"Les faux-culs, par ailleurs « va-t-en guerre », ça suffit ! – Riposte Laique","Les faux-culs, par ailleurs « va-t-en guerre », ça suffit ! – Riposte Laique. Vues : 28 Les informations incessantes distillées sur les ondes radio, dans les journaux et à la télévision ne cessent de nous inonder d’informations plus détestables les unes que les autres concernant le conflit en Ukraine. Tous les commentaires vont invariablement dans le même sens : Poutine est un monstre, Zelensky un héros et il faut soutenir sans aucune réserve les Ukrainiens, quitte à ce que tout cela se finisse par un gigantesque conflit pouvant être nucléaire. Dans tous les débats sur les médias, français (et étrangers), il n’y a que des personnes pro-Zelensky et pro-Ukraine.","Riposte Laique: Poutine est un monstre, Zelensky un héros. Il faut soutenir sans aucune réserve les Ukrainiens. Les faux-culs, par ailleurs « va-t-en guerre », ça suffit !",Société & culture,Politique
45,https://www.bvoltaire.fr/entretien-exclusif-helen-joyce-aujourdhui-on-demande-aux-enseignants-dapprendre-aux-enfants-ce-que-signifie-etre-un-garcon-ou-une-fille-en-les-faisant-se-questionner-sur-leur-i/,"[Entretien exclusif] Helen Joyce : « Aujourd’hui, on demande aux enseignants d’apprendre aux enfants ce que signifie être un garçon ou une fille en les faisant se questionner sur leur identité de genr","[Entretien exclusif] Helen Joyce : « Aujourd’hui, on demande aux enseignants d’apprendre aux enfants ce que signifie être un garçon ou une fille en les faisant se questionner sur leur identité de genr. Helen Joyce est une journaliste irlandaise, rédactrice en chef des affaires événementielles à The Economist. Depuis 2018, Helen Joyce s’intéresse aux questions de transsexualité. En 2021, elle publie un ouvrage qui connaît un grand succès : Trans, quand l’idéologie rencontre la réalité (Trans: When Ideology Meets Reality). Pour Boulevard Voltaire, elle accepte de répondre à nos questions.","Helen Joyce est une journaliste irlandaise, rédactrice en chef des affaires événementielles à The Economist. Depuis 2018, Helen Joyce s’intéresse aux questions de transsexualité. En 2021, elle publie un ouvrage : Trans, quand l’idéologie rencontre la réalité.",Société & culture,Société & culture
46,https://www.dreuz.info/2021/08/suisse-une-rentree-politique-sous-le-signe-du-viol-249468.html,Suisse : une rentrée politique sous le signe du viol,"Suisse : une rentrée politique sous le signe du viol. Le visuel de la campagne d’Amnesty International, qui fait campagne pour le consentement: «Seul un oui est un oui». Source : Lematin Le Parlement va reprendre ses séances cette semaine. À la suite de l’affaire de Bâle où un violeur a vu sa peine réduite, la question du viol va faire l’objet d’un débat très sensible. Devenez « lecteur premium », pour avoir accès à une navigation sans publicité, et nous soutenir financièrement pour continuer de défendre vos idées !",Le Parlement va reprendre ses séances cette semaine. La question du viol va faire l’objet d’un débat très sensible.,Politique,Politique
47,https://www.bvoltaire.fr/la-guerre-en-ukraine-accelerera-t-elle-la-chute-de-lempire-americain/,La guerre en Ukraine accélérera-t-elle la chute de l’empire américain ?,"La guerre en Ukraine accélérera-t-elle la chute de l’empire américain ?. Dans une récente chronique publiée dans Marianne, Emmanuel Todd, reprenant ses analyses sur le déclin américain qu’il avait développées dans Après l’empire (2002), soutient que la guerre en Ukraine constitue un enjeu existentiel non seulement pour Moscou mais aussi pour Washington : « Si la Russie tient en Ukraine, le système impérial des États-Unis s’effondre. » Pour l’essayiste, avec 1.000 milliards de dollars de déficit sur les échanges de biens et les multiples signes de son décrochage tant sur le plan industriel que militaire, l’Amérique tient aujourd’hui le monde « par des symboles » qui masquent la réalité ainsi que par le règne du dollar, son système financier, Internet et la langue anglaise. Si la Russie survivait aux sanctions, la démonstration serait faite de la fin de sa capacité de contrôle et de contrainte. Les faiblesses de l’empire seraient mises au jour.","La guerre en Ukraine accélérera-t-elle la chute of l’empire américain. Emmanuel Todd: Si la Russie tient en Ukraine, le système impérial des États-Unis s’effondre.",Économie & finance,Économie & finance
48,https://www.profession-gendarme.com/un-colonel-de-gendarmerie-a-la-tete-de-la-spa-pour-ramener-la-paix/,Un colonel de gendarmerie à la tête de la SPA pour ramener la paix – Profession Gendarme,"Un colonel de gendarmerie à la tête de la SPA pour ramener la paix – Profession Gendarme. Vue(s) : 940 Jacques-Charles Fombonne, 58 ans, avait rejoint en juin le conseil d’administration de la SPA, sur proposition de Natacha Harry. – Martin BUREAU / AFP Jacques-Charles Fombonne présidera la Société protectrice des animaux (SPA) jusqu’en juin 2019, date des prochaines élections générales de l’association. Parviendra-t-il à apaiser le climat au sein de la SPA? Un colonel de gendarmerie, Jacques-Charles Fombonne, a été élu lundi président de la Société protectrice des animaux par le conseil d’administration de l’association, agitée depuis des mois par une crise interne.","Jacques-Charles Fombonne, 58, a été élu lundi président de la Société protectrice des animaux (SPA) Parviendra-t-il à apaiser le climat au sein of the SPA?",Sécurité & criminalité,Sécurité & criminalité
49,https://lesakerfrancophone.fr/quo-vadis-m-johnson,"Quo Vadis, M. Johnson ?","Quo Vadis, M. Johnson ?. Je… crois que… nos enfants (seront) un jour des citoyens du même pays du monde sous un drapeau qui sera un mélange de l’Union Jack et de la bannière étoilée. Sir Arthur Conan Doyle, Le Noble Bachelor, 1887 Par Batiushka – Le 1er juin 2022 – Source thesaker.is Alexander Johnson, ou pour lui donner son nom complet, Alexander Boris de Pfeffel Johnson, est né de riches parents britanniques à New York en juin 1964, cinquante ans après l’assassinat de Sarajevo en juin 1914. Depuis 2019, Johnson est le Premier ministre du Royaume-Uni.","Alexander Boris de Pfeffel Johnson est né de riches parents britanniques à New York en juin 1964. Depuis 2019, Johnson est le Premier ministre du Royaume-Uni. Par Batiushka – Le 1er juin 2022 – Source thesaker.",Société & culture,Société & culture
50,https://www.lelibrepenseur.org/covid-19-un-medecin-de-touraine-refuse-le-vaccin-aux-adolescents/,Covid-19 : un médecin de Touraine refuse le vaccin aux adolescents,"Covid-19 : un médecin de Touraine refuse le vaccin aux adolescents. Dans le village tourangin de Bléré, les adolescents venus demander l’injection au centre vaccinal itinérant sont repartis bredouilles. La raison ? Le médecin en charge de la vaccination considérait que « les études pour les moins de 16 ans n’étaient pas bien faites », rapporte une mère de famille interrogée par France Bleu Touraine. Sa fille de 13 ans, accompagnée de son père, s’est vue refuser tout net l’injection demandée.",Un médecin de Touraine refuse le vaccin aux adolescents. Un fille de 13 ans refuser tout net l’injection demandée.,Santé publique & médecine,Santé publique & médecine 
51,https://lesobservateurs.ch/2022/09/21/les-vert-e-s-sont-decus-du-contre-projet-de-simonetta-a-linitiative-sur-les-glaciers-pas-assez-ambitieux-trop-frileux-pas-assez-aligne-sur-lue/,"Les Vert.e.s sont déçus du contre-projet de Simonetta Sommaruga à l’initiative sur les glaciers: “pas assez ambitieux”, “trop frileux”, “pas assez aligné sur l’UE”","Les Vert.e.s sont déçus du contre-projet de Simonetta Sommaruga à l’initiative sur les glaciers: “pas assez ambitieux”, “trop frileux”, “pas assez aligné sur l’UE”. Selon la conseillère fédérale Simonetta Sommaruga, le nouveau projet de loi renforce l’approvisionnement énergétique de la Suisse et réduit la dépendance au pétrole et au gaz naturel. Guillaume Chillier - le 17 septembre 2022 Chez les Verts, c’est la déception. «Le Conseil fédéral semble à contre-courant du Parlement, critique la conseillère nationale genevoise Delphine Klopfenstein Broggini. Jeudi, c’était de bonnes nouvelles pour l’approvisionnement en énergie durable et le climat.",Les Vert.e.s sont déçus du contre-projet de Simonetta Sommaruga. Le nouveau projet de loi renforce l’approvisionnement énergétique de la Suisse.,Environnement & climat,Environnement & climat
52,https://www.breizh-info.com/2021/07/08/167263/vannes-apres-quimper-la-ville-devient-elle-aussi-une-zone-de-liberte-lgbt/,"Vannes. Après Quimper, la ville devient aussi une « zone de liberté LGBT »","Vannes. Après Quimper, la ville devient aussi une « zone de liberté LGBT ». Vannes, son port, ses remparts, et désormais… sa « zone de liberté LGBT ». En effet, la ville morbihannaise, sous l’impulsion du groupe LREM, a adopté un vœu destiné à marquer son opposition aux récentes mesures prises par des villes polonaises et hongroises visant à préserver le modèle familial traditionnel. Un certain sens des priorités… La ville de Vannes devient « zone de liberté LGBT » En Bretagne comme ailleurs en France, la propagande « progressiste » ne connaît pas de répit.","La ville morbihannaise, sous l’impulsion du groupe LREM, a adopté un vœu destiné à marquer son opposition aux récentes mesures prises par des villes polonaises.",Politique,Politique
56,https://lesobservateurs.ch/2022/09/24/conflit-dinteret-bill-gates-recompense-officiellement-ursula-von-der-leyen-pour-son-soutien-financier/,Conflit d’intérêt : Bill Gates récompense officiellement Ursula von der Leyen pour son soutien financier,"Conflit d’intérêt : Bill Gates récompense officiellement Ursula von der Leyen pour son soutien financier. Il faut lire la présentation que la Fondation Gates donne du prix remis à Ursula est sans ambiguïté : In June 2020, at the Global Vaccine Summit, von der Leyen also announced a new European Commission’s contribution of €300 million to Gavi, the Vaccine Alliance. This is more than the sum of all previous EU contributions to Gavi. (En juin 2020, lors du Sommet mondial sur les vaccins, von der Leyen a également annoncé une nouvelle contribution de la Commission européenne de 300 millions d’euros à Gavi, l’Alliance du vaccin. C’est plus que la somme de toutes les contributions précédentes de l’UE à Gavi.) Autrement dit, d’un côté, Ursula von der Leyen verse 300 millions € d’argent public à une fondation créée par Bill Gates, de l’autre, la fondation Gates donne un prix (d’un montant non précisé…) à Ursula von der Leyen, pour son intervention.","In June 2020, at the Global Vaccine Summit, von der Leyen also announced a new European Commission’s contribution of €300 million to Gavi, the Vaccine Alliance. This is more than the sum of all previous EU contributions toGavi.",Économie & finance,Économie & finance
57,https://www.bvoltaire.fr/qui-va-emporter-le-debat-du-second-tour/,Qui va emporter le débat du second tour ?,"Qui va emporter le débat du second tour ?. Il faudrait déjà savoir qui seront les deux concurrents, même si on commence à avoir une petite idée, à onze jours du premier tour de l’élection présidentielle. Sauf surprise stratégique... Mais il ne s’agit pas de cela mais du débat dans le débat. Car il y a un débat dans le débat : qui seront les deux journalistes finalistes (un homme, une femme - parité oblige) appelés à animer ce combat de titans sans merci ?","Le débat du second tour de l'élection présidentielle va  emporter. Qui va emporter le débat d'un journalistes finalistes (un homme, une femme) ?",Politique,Politique
58,https://ripostelaique.com/lola-assassinee-la-reponse-des-juges-8-mois-de-taule-pour-thais.html,"Lola assassinée, la réponse des juges : 8 mois de taule pour Thaïs ! – Riposte Laique","Lola assassinée, la réponse des juges : 8 mois de taule pour Thaïs ! – Riposte Laique. Vues : 114 ﻿ L’institut pour la Justice organisait donc un rassemblement place Denfert-Rochereau, pour rendre hommage à Lola, assassinée par une Algérienne en situation irrégulière qui aurait dû être expulsée de France depuis trois ans. Regardez, sur ce magnifique reportage de Vincent Lapierre, les réactions de la rue, dans le quartier où vivait Lola, devant le laxisme de l’Etat, et notamment de la justice. L’occasion justement de commenter quelques récentes décisions de justice.","Lola assassinée, la réponse des juges : 8 mois de taule pour Thaïs ! – Riposte Laique. Regardez, sur ce magnifique reportage de Vincent Lapierre, les réactions de la rue.",Société & culture,Sécurité & criminalité
60,https://ripostelaique.com/piotr-tolstoi-si-la-france-ne-parle-pas-allemand-cest-grace-a-nous.html,"Piotr Tolstoï : Si la France ne parle pas allemand, c’est grâce à nous – Riposte Laique","Piotr Tolstoï : Si la France ne parle pas allemand, c’est grâce à nous – Riposte Laique. Vues : 95 Piotr Tolstoï, vice-président de la Douma, a récemment été interviewé sur LCI. Voici l’essentiel de ses réponses. https://youtu.be/fwXZ4LKwudo Les chars allemands, français, polonais, de toutes façons, seront brûlés par l’armée russe. Cela ne fait que prolonger la guerre et augmenter le nombre de morts.","Piotr Tolstoï, vice-président de la Douma, a récemment été interviewé sur LCI. Cela ne fait que prolonger la guerre et augmenter le nombre of morts.",Société & culture,Société & culture
61,https://www.profession-gendarme.com/ulrike-reisner-quel-lien-entre-le-vaccin-et-la-guerre-en-ukraine/,Ulrike Reisner : quel lien entre le vaccin et la guerre en Ukraine ? – Profession Gendarme,"Ulrike Reisner : quel lien entre le vaccin et la guerre en Ukraine ? – Profession Gendarme. Vue(s) : 3 781 Nous publions pour la première fois une analyse d’Ulrike Reisner, chercheuse autrichienne qui enseigne les sciences politiques et le développement régional à la école supérieure spécialisée Management Center Innsbruck. Son interrogation porte sur un sujet déjà abordé dans nos colonnes : le lien entre le coronavirus et la guerre en Ukraine. Un article à ne pas mettre entre toutes les mains.","Ulrike Reisner, chercheuse autrichienne, enseigne les sciences politiques et le développement régional. Son interrogation porte sur un sujet déjà abordé dans nos colonnes : le lien entre le coronavirus and la guerre en Ukraine. Un article à ne pas mettre entre toutes les mains.",Politique,Politique
62,https://lesdeqodeurs.fr/les-affaires-benghazi/,Pilule Rouge : Les affaires Benghazi,"Pilule Rouge : Les affaires Benghazi. Extrait du live du 13 octobre 2020 « Benghazi? Le nom me dit quelque chose. Ils en ont causé dans les médias non? » En effet, On a beaucoup parlé de l’affaire Benghazi dans les médias.",On a beaucoup parlé de l’affaire Benghazi dans les médias. Extrait du live du 13 octobre 2020.,Politique,Politique
63,https://ripostelaique.com/honte-a-la-societe-francaise-qui-a-permis-la-suspension-des-soignants.html,"Honte à la société française, qui a permis la suspension des soignants – Riposte Laique","Honte à la société française, qui a permis la suspension des soignants – Riposte Laique. Vues : 34 ﻿ On annonce donc que les soignants non vaccinés, suspendus depuis 18 mois, vont être réintégrés. Retour sur le plus grand scandale d’après-guerre subi par des salariés, avec la complicité de la majorité de la population française. https://www.ouest-france.fr/sante/virus/coronavirus/covid-19-les-soignants-non-vaccines-vont-etre-reintegres-confirme-le-ministere-de-la-sante-adef5a90-cf13-11ed-bfa8-ac96e5e331e1","On annonce donc que les soignants non vaccinés, suspendus depuis 18 mois, vont être réintégrés. Retour sur le plus grand scandale d’après-guerre subi par des salariés, avec la complicité de la majorité de the population française.",Santé publique & médecine,Santé publique & médecine 
65,https://lesalonbeige.fr/lavortement-medicalement-assiste-ne-sauve-pas-la-vie-des-femmes/,L’avortement médicalement assisté ne sauve pas la vie des femmes,"L’avortement médicalement assisté ne sauve pas la vie des femmes. Intéressante analyse parue sur IFamNews : Depuis le début de la lutte pour la légalisation de l’avortement, l’argument selon lequel l’avortement empêche une femme de mourir en cas de complications de la grossesse a été très convaincant. En réalité, la valeur thérapeutique de l’avortement n’a jamais été confirmée par des preuves scientifiques rigoureuses. John F. Murphy et Kieran O’Driscoll, auteurs d’une étude dont les résultats ont été publiés dans Therapeutic Abortion : The Medical Argument, ont conclu que l’avortement médicamenteux n’empêcherait aucun des 21 décès maternels survenus au cours des 74 317 grossesses étudiées.","L’avortement médicamenteux n’empêcherait aucun des 21 décès maternels survenus au cours des 74 317 grossesses étudiées. John F. Murphy and Kieran O’Driscoll, auteurs d’une étude dont les résultats ont été publiés dans Therapeutic Abortion : The Medical Argument.",Santé publique & médecine,Santé publique & médecine
66,https://lalettrepatriote.com/le-pakistan-menace-dinterdire-wikipedia/,Le Pakistan menace d’interdire Wikipedia,"Le Pakistan menace d’interdire Wikipedia. L’Autorité des télécommunications pakistanaise (PTA) a annoncé mercredi avoir donné à Wikipédia jusqu’à vendredi 3 février au soir pour retirer un contenu jugé « blasphématoire » de ses pages en ligne, menaçant dans le cas contraire de couper l’accès au site Internet sur son territoire. L’autorité n’a pas donné de détails sur le contenu en question. Dans l’intervalle de l’ultimatum, l’accès à l’encyclopédie participative a été restreint dans le pays, cette dernière ne fonctionnant qu’en mode « dégradé », a fait savoir la PTA.","L’Autorité des télécommunications pakistanaise (PTA) annoncé mercredi avoir donné à Wikipédia jusqu’à vendredi 3 février au soir. L’accès à l’encyclopédie participative a été restreint dans le pays, cette dernière ne fonctionnant qu’en mode « dégradé ».",Société & culture,Société & culture
68,https://www.profession-gendarme.com/meru-le-chef-des-pompiers-retrouve-mort-a-son-domicile-ce-samedi-4-septembre/,Méru : Le chef des pompiers retrouvé mort à son domicile ce samedi 4 septembre – Profession Gendarme,"Méru : Le chef des pompiers retrouvé mort à son domicile ce samedi 4 septembre – Profession Gendarme. Vue(s) : 1 875 C’est un véritable drame. Le capitaine Gérard Weppe, qui dirigeait le centre de secours de Méru au sud de Beauvais, dans l’Oise, a été retrouvé pendu à son domicile ce samedi 4 septembre 2021. Après cette macabre découvre, le commandant des pompiers de l’Oise, le colonel Luc Corack s’est rendu sur place. «C’est avec une grande tristesse que je viens d’apprendre la disparition du capitaine Weppe.","Le capitaine Gérard Weppe, dirigeait le centre de secours de Méru au sud de Beauvais. Le chef des pompiers retrouvé mort à son domicile ce samedi 4 septembre.",Sécurité & criminalité,Sécurité & criminalité
69,https://lesdeqodeurs.fr/70-000-personnes-manifestent-a-prague-contre-le-gouvernement-tcheque-lue-et-lotan/,"70 000 personnes manifestent à Prague contre le gouvernement tchèque, l’UE et l’OTAN","70 000 personnes manifestent à Prague contre le gouvernement tchèque, l’UE et l’OTAN. Article original datant du 03/09/22 par New York Post 70,000 protest in Prague against Czech government, EU, NATO Environ 70 000 personnes ont manifesté samedi à Prague contre le gouvernement tchèque, demandant à la coalition au pouvoir de faire davantage pour contrôler la flambée des prix de l’énergie et exprimant leur opposition à l’Union européenne et à l’OTAN. Les organisateurs de la manifestation, issus d’un certain nombre de groupes politiques d’extrême droite et marginaux, y compris le parti communiste, ont déclaré que la nation d’Europe centrale devrait être neutre sur le plan militaire et assurer des contrats directs avec les fournisseurs de gaz, y compris la Russie. Selon les estimations de la police, le nombre de manifestants s’élevait à environ 70 000 en milieu d’après-midi. « L’objectif de notre manifestation est d’exiger un changement, principalement en résolvant la question des prix de l’énergie, notamment de l’électricité et du gaz, qui vont détruire notre économie cet automne », a déclaré Jiri Havel, co-organisateur de la manifestation, au site d’information iDNES.cz.","70,000 protest in Prague against Czech government, EU, NATO. 70 000 personnes manifestent à Prague contre le gouvernement tchèque, l'UE and l’OTAN.",Économie & finance,Politique
70,https://lesakerfrancophone.fr/quelques-remarques-sur-lukraine-et-les-medias,Quelques remarques sur l’Ukraine et les médias,Quelques remarques sur l’Ukraine et les médias. Par Moon of Alabama – Le 15 août 2022 Permettez-moi de commencer mon article d’aujourd’hui par deux recommandations de lecture. Lambert Strether et Yves Smith de Naked Capitalism discutent d’un article sur l’opération russe en Ukraine qui avait été imprimé dans la Marine Corps Gazette et dont des fac-similés ont été publiés il y a deux semaines sur Twitter et plus tard dans leur intégralité sur Reddit et par Southfront. L’évaluation par un Marine de l' »opération » militaire russe en Ukraine (une « profonde appréciation des trois domaines dans lesquels les guerres sont menées« ) Note du Saker Francophone Notre équipe l’a transcrit et traduit. Il sera publié la semaine prochaine avec l’article de SouthFront.,Lambert Strether and Yves Smith de Naked Capitalism discutent d’un article sur l’opération russe en Ukraine. The Saker Francophone Notre équipe l'a transcrit et traduit.,Société & culture,Société & culture
73,https://www.francesoir.fr/lifestyle-tourisme/affluence-en-baisse-au-carnaval-de-nice-sept-mois-apres-un-attentat-tres,"Affluence en baisse au Carnaval de Nice, sept mois après un attentat très meurtrier","Affluence en baisse au Carnaval de Nice, sept mois après un attentat très meurtrier. Entouré de mesures de sécurité exceptionnelles, le Carnaval de Nice, l'un des plus célèbres du monde, a commencé samedi, mais l'affluence était nettement en baisse par rapport aux précédentes éditions, sept mois après l'attentat qui a fait 86 morts dans cette ville de la Côte d'Azur. La parade se déroule pour la première fois derrière des palissades, l'accès se faisant par des portiques de sécurité, et les déguisements prêtant à confusion, sabres de pirate et autres fusils ou pistolets de cow-boy, sont proscrits. Le carnaval évite par ailleurs la Promenade des Anglais, où un Franco-Tunisien avait lancé un camion dans la foule le 14 juillet, le jour de la fête nationale française, au profit d'un circuit dans le centre-ville. Aucun événement n'est autorisé sur ce boulevard longeant la mer Méditerranée jusqu'au premier anniversaire de l'attaque, par respect envers les victimes.",L'affluence était nettement en baisse par rapport aux précédentes éditions. La parade se déroule derrière des palissades. Aucun événement n'est autorisé sur ce boulevard longeant la mer Méditerranée.,Sécurité & criminalité,Sécurité & criminalité
74,https://lesalonbeige.fr/ces-injections-ont-ete-faites-pour-blesser-les-gens-les-mutiler-et-les-tuer-deliberement/,"“Ces injections ont été faites pour blesser les gens, les mutiler et les tuer délibérément”","“Ces injections ont été faites pour blesser les gens, les mutiler et les tuer délibérément”. Un article de LifesiteNews nous apprend que le Dr Michael Yeadon, ancien vice-président et responsable scientifique de Pfizer pour les allergies et les maladies respiratoires, a expliqué que le virus COVID et la campagne de “vaccination” qui a suivi, étaient une “opération supranationale” destinée à “blesser les gens, à les mutiler et à les tuer délibérément”. Yeadon a passé 32 ans à travailler principalement pour de grandes entreprises pharmaceutiques. Expliquant comment il en est venu à comprendre que la “pandémie” de COVID était autre chose que ce qu’elle semblait être, il souligne que “lorsque j’ai commencé à remarquer que d’anciens collègues, dont Patrick Vallance, disaient des choses à la télévision dont je savais qu’elles n’étaient pas vraies – et dont je savais qu’il savait qu’elles n’étaient pas vraies – c’est à ce moment-là que j’ai compris, probablement [en] février 2020”. Patrick Vallance a été le conseiller scientifique en chef du Royaume-Uni auprès du gouvernement de 2018 à 2023.","Dr Michael Yeadon, ancien vice-président et responsable scientifique de Pfizer pour les allergies and les maladies respiratoires, a expliqué que le virus COVID et la campagne de “vaccination” étaient une “opération supranationale” destinée to “blesser les gens, à les mutiler and à les tuer délibérément”.",Santé publique & médecine,Santé publique & médecine 
75,https://www.dreuz.info/2020/12/joe-biden-nomme-des-cretins-dans-son-eventuel-cabinet-232133.html,Joe Biden nomme des crétins dans son éventuel cabinet,"Joe Biden nomme des crétins dans son éventuel cabinet. Si Joe Biden croyait réellement avoir été élu président des États-Unis en toute équité, il se comporterait en président de tous les Américains comme il l’avait annoncé. Sauf que dans son empressement à récompenser ses alliés gauchistes et à punir les partisans du Président Trump, il nomme à son éventuel cabinet des «experts» qui feraient payer plus de taxes et ruineraient les Américains de la classe moyenne en prolongeant le confinement pour lutter contre la pandémie et en adoptant des mesures destructrices comme solutions contre les changements climatiques. Pour les lecteurs de Dreuz, j’ai traduit l’article de Monica Showalter, paru sur le site d’American Thinker, le 21 décembre. ************************** Le cabinet rempli de crétins de Joe Biden Tentant désespérément de prouver qu’il n’est pas un simple bidouilleur politique de 47 ans et de se distinguer du Président Trump, Joe Biden a fait tout un plat de « l’écoute des experts » et du « suivi de la science », comme s’il voulait faire croire que le brillant outsider non politique Donald Trump était une sorte d’amateur.",Joe Biden nomme des crétins dans son éventuel cabinet. Joe Biden croyait réellement avoir été élu président des États-Unis. Il se comporterait en présidents de tous les Américains.,Politique,Politique
78,https://www.francesoir.fr/culture-celebrites/miss-univers-hommage-sexy-eva-colas-aux-bleus-champions-du-monde-photo,Miss Univers: hommage sexy d'Eva Colas aux Bleus champions du monde (photo),"Miss Univers: hommage sexy d'Eva Colas aux Bleus champions du monde (photo). Eva Colas, 1re dauphine de Miss France 2018, représentera la France à l'élection Miss Univers du 16 décembre. Pour le défilé en costume national, elle portera une tenue sexy en hommage aux Bleus champions du monde. Cette année, les élections Miss Monde et Miss Univers auront lieu presque en même temps. Impossible donc pour Maëva Coucke, Miss France 2018, d'être candidate pour les deux couronnes.","Eva Colas, 1re dauphine de Miss France 2018, représentera la France à l'élection Miss Univers du 16 décembre. Pour le défilé en costume national, elle portera une tenue sexy en hommage aux Bleus champions du monde.",Société & culture,Société & culture
81,https://www.lelibrepenseur.org/explosif-pour-linstitut-superieur-de-la-sante-italien-le-covid-19-a-tue-moins-que-la-grippe/,"EXPLOSIF : pour l’Institut Supérieur de la Santé italien, le Covid-19 a tué moins que la grippe !","EXPLOSIF : pour l’Institut Supérieur de la Santé italien, le Covid-19 a tué moins que la grippe !. Alors que l’on nous a présenté l’Italie comme un des très mauvais élèves au niveau de la mortalité Covid-19, il s’avère finalement que sur les 130 468 décès enregistrés par les statistiques gouvernementales au moment de la réalisation de ce rapport (5 oct. 2021), seulement 3 783 seraient dus au virus lui-même. Les comorbidités étaient nombreuses et sérieuses : 65,8% d’hypertension artérielle, 23,5% de démence sénile, 29,3% de diabète, 24,8% de fibrillation auriculaire, 17,4 % avaient des poumons malades, 16,3 % avaient eu un cancer au cours des 5 dernières années, 15,7% d’insuffisance cardiaque… Sans oublier bien entendu le point le plus important, c’est-à-dire la moyenne d’âge des décès que nous pouvons retrouver sur le site officiel de l’ISS (Institut supérieur de santé italien) sur les 130 468 victimes : 80 ans ! Sachant que l’espérance de vie en Italie est de 82 ans.","L’Institut Supérieur de la Santé italien, le Covid-19 a tué moins that la grippe !. 3 783 seraient dus au virus lui-même.",Sécurité & criminalité,Santé publique & médecine 
82,https://www.bvoltaire.fr/tribune-en-pleine-affaire-ocean-vicking-le-passeur-cedric-herrou-va-rencontrer-des-lyceens/,"[Tribune] En pleine affaire Ocean Viking, le passeur Cédric Herrou va rencontrer des lycéens !","[Tribune] En pleine affaire Ocean Viking, le passeur Cédric Herrou va rencontrer des lycéens !. Alors que l'Ocean Viking débarquait ses clandestins le 11 novembre, dans le port de Toulon, nous apprenions, grâce à notre réseau de Parents Vigilants, que Cédric Herrou rencontrera les lycéens d’un établissement de Luçon (le lycée Atlantique, pour ne pas le nommer), le vendredi 18 novembre 2022, de 13 à 15 heures. Une information confirmée par Ouest-France. Pour rappel, M. Herrou est un agriculteur actif dans l’aide aux clandestins.","Cédric Herrou rencontrera les lycéens d’un établissement de Luçon (le lycée Atlantique) Le vendredi 18 novembre 2022, de 13 à 15 heures.",Sécurité & criminalité,Société & culture
83,https://www.francesoir.fr/societe-transport/info-trafic-greve-sncf-les-lignes-du-transilien-tres-perturbees-vendredi-13,Info Trafic - Grève SNCF: les lignes du Transilien très perturbées vendredi 13,"Info Trafic - Grève SNCF: les lignes du Transilien très perturbées vendredi 13. La grève de la SNCF reprend vendredi 13 avec un gros impact sur les lignes du réseau Transilien. Il faudra globalement s'attendre à un train sur trois avec parfois des axes totalement fermés à la circulation où des bus seront déployés. Les cheminots sont de nouveaux appelés à cesser le travail vendredi 13 avril, conformément au calendrier de la grève perlée prévue au moins jusqu'au 28 juin. De fortes perturbations sont donc attendues sur le réseau Transilien après trois jours d'une circulation certes réduite mais qui n'a pas créé de pagaille monstre.",La grève de la SNCF reprend vendredi 13 avec un gros impact sur les lignes du réseau Transilien. Il faudra globalement s'attendre à un train sur trois avec parfois des axes totalement fermés.,Sécurité & criminalité,Société & culture
84,https://lesdeqodeurs.fr/tous-complotistes-en-2022/,Tous complotistes en 2022 !!!,"Tous complotistes en 2022 !!!. En octobre dernier, on vous annonçait que les déclarations de Fauci étaient mises à mal par certains documents provenant de la DARPA: Le NIH admet avoir financé les expériences de gain de fonction du Covid Article original datant du 22/10/21 Et donne à EcoHealth cinq jours pour communiquer les données Un haut responsable du NIH a admis dans une lettre datée de mercredi que le projet de recherche financé par les États-Unis, dite « de gain de fonction », à Wuhan, en Chine, -ainsi que l’organisation américaine à but non lucratif qui […] Ces affirmations viennent d’être confirmées par une source secondaire de la DARPA: Project Veritas a obtenu un rapport distinct adressé à l’inspecteur général du ministère de la Défense, rédigé par le major du Corps des Marines américain, Joseph Murphy, un ancien boursier de la DARPA. Le rapport indique qu’EcoHealth Alliance a approché la DARPA en mars 2018, demandant un financement pour mener des recherches sur le gain de fonction des coronavirus transmis par les chauves-souris. La proposition, nommée Project Defuse, a été rejetée par la DARPA pour des raisons de sécurité et parce qu’elle violait le moratoire sur la recherche sur le gain de fonction. Bon réflexe : on se met les documents dans un coin… Les documents militaires sur le gain de fonction contredisent le témoignage sous serment de Fauci Le SARS-CoV-2 est un vaccin recombinant de chauve-souris créé par les Américains, ou son virus précurseur.","Le NIH admet avoir financé les expériences de gain de fonction du Covid Article original datant du 22/10/21 Et donne à EcoHealth cinq jours pour communiquer les données. Un haut responsable du NIH a admis dans une lettre datée de mercredi that le projet de recherche financée par les États-Unis, dite « de gain of fonctions », à Wuhan, en Chine.",Politique,Politique
85,https://www.breizh-info.com/2021/10/18/172821/soutien-a-la-maternite-de-guingamp-un-rassemblement-le-23-octobre/,Soutien à la maternité de Guingamp. Un rassemblement le 23 octobre,"Soutien à la maternité de Guingamp. Un rassemblement le 23 octobre. Une réunion de la commission médicale de l’hôpital de Guingamp a révélé mi-septembre une nouvelle menace de fermeture de la maternité mais aussi de la chirurgie. Le prétexte trouvé pour ces potentielles fermetures ? Le manque de pédiatres ou d’anesthésistes notamment dans le domaine de la chirurgie, de la médecine.","Une réunion de la commission médicale de l’hôpital de Guingamp a révélé une nouvelle menace de fermeture. Le manque de pédiatres ou d’anesthésistes notamment dans le domaine de la chirurgie, de la médecine.",Santé publique & médecine,Santé publique & médecine
86,https://www.lelibrepenseur.org/electricite-lespagne-et-le-portugal-decrochent-du-systeme-europeen/,Electricité : l’Espagne et le Portugal décrochent du système européen,"Electricité : l’Espagne et le Portugal décrochent du système européen. Voici la preuve éclatante – d’une extrême violence – que c’est l’adhésion à l’Union européenne qui fait exploser les factures énergétiques d’au moins 25 % ! Il suffira donc à l’Espagne et au Portugal de sortir de ce marché européen absurde pour réaliser une très belle ristourne à leurs citoyens ! Feu vert à la baisse des tarifs d’électricité. Madrid a approuvé vendredi par décret la limitation des prix du gaz qui entre dans la production électrique, afin d’alléger la note d’électricité des ménages comme des industries.",L’adhésion à l’Union européenne fait exploser les factures énergétiques. Madrid a approuvé vendredi par décret la limitation des prix du gaz.,Société & culture,Société & culture
88,https://www.francesoir.fr/opinions-tribunes/covid-19-spike-arn-et-vaccins-et-si-lancait-les-etudes-prealables,"Covid-19 : Spike, ARN et ""vaccins""… Et si on lançait les études préalables ?","Covid-19 : Spike, ARN et 'vaccins'… Et si on lançait les études préalables ?. TRIBUNE — Alors que l’ARN des « vaccins » Covid-19 et la protéine Spike vaccinale (potentiellement délétère) peuvent persister plusieurs mois dans l’organisme, on envisage un boost tous les trois mois. Serait-il temps de procéder aux études… préalables ? Les « vaccins » contre le Covid-19 actuellement utilisés en France sont fondés sur la production de protéine Spike par notre organisme, suite à l’injection d’ARN messager codant pour cette protéine [1] [2]. Le remarquable travail bibliographique du Dr Jean-François Lesgards, publié le 20 août 2021, a clairement fait le bilan de la toxicité de la protéine Spike (et de sa sous-unité S 1 ).","L’ARN des ‘vaccins » Covid-19 et la protéine Spike vaccinale (potentiellement délétère) peuvent persister plusieurs mois dans l’organisme. Le remarquable travail bibliographique du Dr Jean-François Lesgards, publié le 20 août 2021, a clairement fait le bilan.",Sécurité & criminalité,Santé publique & médecine 
89,https://www.polemia.com/chloroquine-entre-science-et-empirisme-une-impasse-politique/,"Chloroquine : entre science et empirisme, une impasse politique","Chloroquine : entre science et empirisme, une impasse politique. Par Dominique Remmaker, biologiste et chercheur ♦ Malgré l’inévitable hystérie qui s’invite chaque jour sur les chaînes d’information continue, le débat actuel concernant l’utilité de la chloroquine dans le traitement de l’infection à Corona virus SARS Cov 2 n’en est pas moins intéressant d’un point de vue éthique et politique. De l’empirisme médical à la biologie moléculaire Posons le préalable scientifique : durant les dernières décennies, approximativement depuis la fin de la seconde guerre mondiale, la recherche médicale a pratiquement rompu avec l’empirisme qui avait permis depuis Hippocrate (IVe siècle avant J.-C.) et l’École de Cos, de faire un certain nombre de progrès, au demeurant laborieux, dans la lutte contre les fléaux qui affligent l’humanité, au premier rang desquels les maladies infectieuses. L’empirisme médical consistait à profiter au mieux de ce que le hasard et la nature pouvaient mettre à disposition des hommes, pour peu que ceux-ci aient le regard affûté et « l’esprit préparé », selon le mot de Pasteur. C’est ainsi que fut découverte la Pénicilline par Fleming, Chain et Florey, ainsi que la… chloroquine, dérivé synthétique de la quinine, isolée en 1820 à partir d’une écorce d’arbre (Cinchona), utilisée au Pérou contre la fièvre dans le cadre de la médecine traditionnelle indigène.","Chloroquine : entre science and empirisme, une impasse politique. Par Dominique Remmaker, biologiste et chercheur. Malgré l’inévitable hystérie qui s’invite chaque jour sur les chaînes d’information.",Politique,Santé publique & médecine 
90,https://lalettrepatriote.com/ursula-von-der-leyen-non-elue-et-intouchable/,"Ursula von der Leyen, non-élue et intouchable","Ursula von der Leyen, non-élue et intouchable. Usant de sa qualité de présidente non-élue de la Commission européenne, Ursula von der Leyen a négocié – seule, sans aucun mandat – directement avec Albert Bourla, PDG de Pfizer, l’achat de doses de « vaccin » pour plus de 70 milliards d’euros. Ces négociations se sont faites par SMS, ce qui, en soi, est une grande curiosité. Divers organismes de l’UE ont donc demandé à Mme von der Leyen de montrer les SMS en question. Chaque fois, elle a refusé.","Ursula von der Leyen a négocié – seule, sans aucun mandat – directement avec Albert Bourla, PDG de Pfizer, l’achat de doses de 'vaccin' Chaque fois, elle a refusé.",Société & culture,Politique
91,https://www.lelibrepenseur.org/tous-au-diner-des-traitres/,Tous au dîner des traîtres,"Tous au dîner des traîtres. Je sors de la projection de Marseille à l’instant : EXCEPTIONNEL !!! Encore une fois une petite merveille. Le laquais Pujadas en prend plein la gueule (je ne savais pas qu’il était aussi petit, plus petit même que le nain !). Le traitre Hervé Bourges en flag de mensonge.",ExceptionionNEL !!! Encore une fois une petite merveille. Le laquais Pujadas en prend plein la gueule.,Société & culture,Politique
92,https://www.dreuz.info/2021/04/rudolph-giuliani-a-autorise-la-publication-de-la-declaration-suivante-concernant-le-raid-du-fbi-chez-lui-le-28-avril-242948.html,Rudolph Giuliani a autorisé la publication de la déclaration suivante concernant le raid du FBI chez lui le 28 avril,"Rudolph Giuliani a autorisé la publication de la déclaration suivante concernant le raid du FBI chez lui le 28 avril. Rudolph Giuliani a autorisé Robert J. Costello à publier le communiqué concernant les événements du 28 avril 2021. Il vient de déclarer qu’en plus du raid à son bureau et chez lui, le FBI a fouillé dans son compte iCloud. Les démocrates, grands défenseurs du droit à la vie privée, sont fous de joie.","Rudolph Giuliani a autorisé la publication de la déclaration suivante concernant le raid du FBI chez lui le 28 avril. Il vient de déclarer qu’en plus du raid à son bureau et chez Lui, le FBI a fouillé dans son compte iCloud.",Politique,Politique
93,https://www.francesoir.fr/politique-france/24-juillet-nouvelles-manifestations-contre-le-passe-sanitaire,24 juillet : nouvelles manifestations nationales contre le passe sanitaire,"24 juillet : nouvelles manifestations nationales contre le passe sanitaire. Alors que le projet de loi sur le passe sanitaire vient d'être adopté à l'Assemblée nationale et envoyé au Sénat, de nombreuses mobilisations sont annoncées pour ce samedi 24 juillet. Déjà samedi dernier, les Français étaient plusieurs centaines de milliers à être dans les rues pour protester contre l'extension du passe sanitaire et son lot de mesures liberticides. Après une semaine de débats parlementaires houleux, la société française ne semble en rien rassurée, au contraire. Entre recours judiciaires, manifestations et pétitions en ligne, les chemins vers la protestation se multiplient.",Le projet de loi sur le passe sanitaire vient d'être adopté à l'Assemblée nationale et envoyé au Sénat. De nombreuses mobilisations sont annoncées pour ce samedi 24 juillet.,Sécurité & criminalité,Santé publique & médecine 
94,https://www.polemia.com/la-candidature-de-zemmour-pourrait-briser-le-cordon-sanitaire-du-front-republicain/,La candidature de Zemmour pourrait briser le cordon sanitaire du « front républicain »,"La candidature de Zemmour pourrait briser le cordon sanitaire du « front républicain ». Par Jean-Yves Le Gallou, président de la Fondation Polémia ♦ Dans un éditorial publié le 7 juin sur Boulevard Voltaire, Jean-Yves Le Gallou revient sur la pertinence d’une candidature d’Éric Zemmour à la prochaine présidentielle. Polémia La France est un pays de castors. Pour les dirigeants de LR comme pour ceux de LREM, un seul objectif politique : faire barrage au Rassemblement national. Rien de nouveau sous le soleil.",La candidature de Zemmour pourrait briser le cordon sanitaire du « front républicain ». La France est un pays de castors. Rien de nouveau sous le soleil.,Politique,Politique
96,https://www.breizh-info.com/2017/11/10/81481/qi-augmente-education-etude-debat/,Le QI peut-il être augmenté par l’éducation ? Une étude relance le débat,"Le QI peut-il être augmenté par l’éducation ? Une étude relance le débat. 10/11/2017 – 08h00 Édimbourg (Breizh-Info.com) – Tous les spécialistes de l’intelligence humaine vous le diront : le QI est un excellent indicateur des capacités cognitives d’un individu. Augmenter le QI a donc été un objectif de nombreux chercheurs et gouvernements. Jusqu’ici, aucun gain durable de QI n’avait été observé.",Le QI est un excellent indicateur des capacités cognitives d’un individu. Le QI peut-il être augmenté par l’éducation ? Une étude relance le débat.,Politique,Société & culture
98,https://lesalonbeige.fr/sacre-de-charles-iii-par-sar-le-prince-charles-emmanuel-de-bourbon-parme/,Sacre de Charles III par SAR le Prince Charles-Emmanuel de Bourbon-Parme,"Sacre de Charles III par SAR le Prince Charles-Emmanuel de Bourbon-Parme. Cet article est une tribune libre, non rédigée par la rédaction du Salon beige. Si vous souhaitez, vous aussi, publier une tribune libre, vous pouvez le faire en cliquant sur « Proposer un article » en haut de la page. Je présente mes vœux d’unité, de continuité et d’avenir radieux dans la sérénité aux Britanniques et aux peuples fidèles à Charles III qui l’ont accompagné par le cœur dans la joie et l’allégresse, lors de son couronnement et de celui de son épouse, la Reine Camilla. Le souverain a reçu, par le sacramentel, une charge lourde et inaliénable, qui le hisse au rang de Serviteur, celui du peuple dans sa globalité et celui de son prochain dans son individualité.","Cet article est une tribune libre, non rédigée par la rédaction du Salon beige. Je présente mes vœux d’unité, de continuité et d‘avenir radieux dans la sérénité aux Britanniques.",Société & culture,Société & culture
99,https://www.francesoir.fr/politique-france/bac-2019-appel-poursuivre-la-greve-jusquau-brevet,Bac 2019: appel à poursuivre la grève jusqu'au brevet,"Bac 2019: appel à poursuivre la grève jusqu'au brevet. L'intersyndicale d'enseignants qui avait appelé à la grève de la surveillance pour l'épreuve de philosophie du bac a décidé d'étendre la protestation sur toute la durée de l'examen, au moins jusqu'au brevet des collèges. L'épreuve d'histoire géographie de ce mardi 18 devrait donc être également concernée, mais les répercussions sont pour l'instant limitées. La grève de la surveillance des épreuves du bac 2019 devrait se poursuivre ce mardi pour celle d'histoire-géographie et même pour toutes les autres, peut-être même celles du brevet des collèges. Les syndicats ont en effet appelé à poursuivre le mouvement, qui dans un premier temps devait se concentrer uniquement sur l'épreuve de philosophie de lundi.",L'intersyndicale d'enseignants décidé d'étendre la protestation sur toute la durée of l'examen. L'épreuve d'histoire géographie de ce mardi 18 devrait donc être également concernée.,Société & culture,Société & culture
